feature,importance_mean,importance_std,val_imp_0,val_imp_1,val_imp_2,val_imp_3,val_imp_4,val_imp_5,val_imp_6,val_imp_7,val_imp_8,val_imp_9,val_imp_10,val_imp_11,val_imp_12,val_imp_13,val_imp_14
450,0.0091024535,0.009208726,0.014785439,0.017892167,0.004058048,0.0051300526,0.0047341436,0.016322762,0.025115997,0.00614585,0.0033262223,-0.00481759,0.016517237,0.024473414,0.006747544,0.0009443909,-0.004838869
150,0.008732106,0.008516186,0.013368279,0.016959801,0.0054352432,0.005758494,0.0043459386,0.014488682,0.023383886,0.0070348233,0.0041906983,-0.0055004954,0.014726013,0.022806287,0.0076785386,0.0018194318,-0.0055140406
300,0.008423942,0.007858055,0.013517529,0.014174327,0.0056830943,0.0060829967,0.004792437,0.014858052,0.021012172,0.007940888,0.0044163465,-0.0050804317,0.014495507,0.021025121,0.0076967627,0.001311481,-0.0055671483
